dissimilarity_1px_0deg,dissimilarity_1px_45deg,dissimilarity_1px_90deg,dissimilarity_1px_135deg,dissimilarity_3px_0deg,dissimilarity_3px_45deg,dissimilarity_3px_90deg,dissimilarity_3px_135deg,dissimilarity_5px_0deg,dissimilarity_5px_45deg,dissimilarity_5px_90deg,dissimilarity_5px_135deg,contrast_1px_0deg,contrast_1px_45deg,contrast_1px_90deg,contrast_1px_135deg,contrast_3px_0deg,contrast_3px_45deg,contrast_3px_90deg,contrast_3px_135deg,contrast_5px_0deg,contrast_5px_45deg,contrast_5px_90deg,contrast_5px_135deg,correlation_1px_0deg,correlation_1px_45deg,correlation_1px_90deg,correlation_1px_135deg,correlation_3px_0deg,correlation_3px_45deg,correlation_3px_90deg,correlation_3px_135deg,correlation_5px_0deg,correlation_5px_45deg,correlation_5px_90deg,correlation_5px_135deg,energy_1px_0deg,energy_1px_45deg,energy_1px_90deg,energy_1px_135deg,energy_3px_0deg,energy_3px_45deg,energy_3px_90deg,energy_3px_135deg,energy_5px_0deg,energy_5px_45deg,energy_5px_90deg,energy_5px_135deg,homogeneity_1px_0deg,homogeneity_1px_45deg,homogeneity_1px_90deg,homogeneity_1px_135deg,homogeneity_3px_0deg,homogeneity_3px_45deg,homogeneity_3px_90deg,homogeneity_3px_135deg,homogeneity_5px_0deg,homogeneity_5px_45deg,homogeneity_5px_90deg,homogeneity_5px_135deg,ASM_1px_0deg,ASM_1px_45deg,ASM_1px_90deg,ASM_1px_135deg,ASM_3px_0deg,ASM_3px_45deg,ASM_3px_90deg,ASM_3px_135deg,ASM_5px_0deg,ASM_5px_45deg,ASM_5px_90deg,ASM_5px_135deg,Category
0.8378444881889762,2.448198896397793,2.430056594488189,2.5859011718023437,1.8281875000000003,3.3496472663139336,3.5383125000000013,3.515684051398336,2.297827743902439,3.68821540062435,3.6832444105691065,3.793054110301769,1.6830708661417326,13.663897327794658,13.918737696850389,15.257114514229027,6.7201875000000015,24.019589317208375,25.986187500000003,25.862874779541446,10.0551956300813,26.27094172736733,26.691755589430894,27.717221644120702,0.9476465283987755,0.5744445274582257,0.5654885366795251,0.5248261248764046,0.7916838344299927,0.2535821689369221,0.1889337608334276,0.1963132512821128,0.6892912619525977,0.1859876909669784,0.1668000014363746,0.1412307756179889,0.16113842070552364,0.11472964217459465,0.1175296480816401,0.11181281890899578,0.11516525999351977,0.09881233067167813,0.09585466700948894,0.09604248390844744,0.10318668535233784,0.09116332773572268,0.0929184816696663,0.09024467145667657,0.6542659208595004,0.40975510099400214,0.42226076515416994,0.39539999281049054,0.43628551468019683,0.3254319827083849,0.3114216610759729,0.3100955607385445,0.36417735317847927,0.2829390085436748,0.2899117677797114,0.2743831650926028,0.02596559062747033,0.013162890793510526,0.013813218178194166,0.012502106472375882,0.013263037109375006,0.009763876692769064,0.009188117187500008,0.009224158715304385,0.010647492034002372,0.008310752323850784,0.008633844235796113,0.008144100726323494,floor
1.063545767716535,3.082832165664332,2.9752091535433065,3.0292020584041177,2.1574375000000003,4.016691861929957,4.2240625,4.037855883093978,2.516641260162602,4.229058272632675,4.3194232723577235,4.229383454734651,2.618540846456692,23.46673693347387,22.512241633858256,22.563829127658252,9.5381875,35.580687830687836,36.29256249999999,36.39184933232553,12.899136178861792,34.23439125910511,34.987995426829265,34.46819719042664,0.9355540083460048,0.4242317281495203,0.4478510995511367,0.4463721582449036,0.7650996885664322,0.12710653154713794,0.1114914632415869,0.10693861268652262,0.6818620340659329,0.15868524678849164,0.14103248614233083,0.15169485960107373,0.14312488512458763,0.09983259889510712,0.10308583039714926,0.10106357783764737,0.10529467579132386,0.08855396943373174,0.08581127093074659,0.08933549660122335,0.09917350635677433,0.08373196025082075,0.08318856527996596,0.08405937837739065,0.5952214470405494,0.35501748450168297,0.3705102000981576,0.3580043712457527,0.39728013376653537,0.2804486319090932,0.258799448124184,0.28128688274917824,0.3576375851004978,0.24528326002845227,0.23969162508845232,0.24698893382279735,0.020484732741926408,0.009966547802151345,0.010626688428669822,0.010213846765346209,0.011086968750000002,0.007841805502470297,0.007363574218749995,0.007980830952987189,0.009835384363097159,0.007011041167445025,0.0069203373933391585,0.0070659790931933315,floor
0.9889271653543305,2.4623349246698494,2.3383366141732296,2.487816975633951,1.9750625000000002,3.391975308641975,3.4779374999999995,3.4218316956412203,2.3580411585365844,3.633519771071801,3.6262068089430914,3.5902705515088456,2.1491141732283454,13.705685411370826,12.925812007874018,13.891499782999569,7.455187499999999,23.655517762660615,23.277062499999996,23.912761400856635,10.414824695121949,24.130658168574403,24.67282774390244,23.619797086368358,0.9247200899657994,0.5199615904874612,0.5483236125832189,0.513424496872447,0.7379994252546758,0.16819876953125967,0.18648758078945477,0.15896268930572055,0.6337744489865117,0.1544742998034734,0.14297271881621662,0.1717054059296961,0.14597569056848164,0.10544093154518178,0.1095729047765614,0.10516079163416447,0.10842805254234256,0.09232829715084409,0.09055637487913262,0.09258523296937518,0.10102270663366475,0.08789461080132158,0.08841610568538172,0.08836500377725114,0.6053669630496356,0.3874145929259952,0.4106621751693792,0.38412587262255743,0.4058910975772497,0.29978878796345637,0.2866803625178377,0.29664848908799163,0.3582049556409277,0.2627129743003668,0.27196230869332977,0.26947456557130234,0.021308902236945097,0.011117790045115709,0.012006221461173392,0.011058792097124157,0.011756642578124999,0.008524514454774564,0.008200457031250002,0.008572025363993476,0.010205587255591491,0.007725462607915796,0.00781740774456859,0.007808373892553608,floor
1.3140994094488183,3.096596193192386,2.8318159448818885,2.9751379502759,2.6563750000000015,4.345175107079869,4.521750000000001,4.207231040564374,3.196773373983739,4.706945889698231,4.534997459349591,4.597814776274714,3.4494340551181093,17.87742575485151,15.546505905511806,16.544361088722177,12.991750000000005,32.70068027210883,34.47375,30.921516754850096,18.44867886178861,36.415062434963566,33.67155741869919,34.49843912591051,0.9084797780468855,0.5231704586739369,0.5860752101375213,0.5587770659985298,0.6546198843275816,0.12409080960698567,0.07782100636475041,0.1719826114417304,0.5085338924663063,0.017446861984898046,0.09665893394162163,0.07015656014757093,0.11613629087955447,0.08065351134283956,0.08407778367951854,0.08163091583707134,0.08499248588110599,0.07248405925993928,0.07187245919422126,0.07283400566748988,0.0789831909943641,0.07138241190688696,0.07157000244945881,0.07125365405387049,0.5207960267712113,0.29489681484225927,0.3243962923827408,0.30532665870630354,0.32628466332425626,0.21677645608990082,0.20530141661214868,0.22160244288405917,0.2813278396467404,0.19570858989503165,0.20005967167651353,0.19604641194284023,0.013487638059260487,0.006504988891929549,0.007069073708459915,0.0066636064203990245,0.007223722656250001,0.005253938846798389,0.005165650390625,0.005304792381571947,0.006238344459652199,0.005095448729644478,0.00512226525061554,0.005077083216028654,floor
1.0123031496062993,2.9982019964039934,2.8699557086614167,2.945625891251783,2.0641250000000007,4.01461325270849,4.099124999999998,4.0260770975056674,2.5164507113821144,4.171566077003121,4.314596036585367,4.16662330905307,2.3129921259842514,18.37274474548949,17.115403543307078,17.58621117242235,8.153,30.23620559334845,29.802999999999994,30.430964978584022,11.791603150406504,29.959417273673253,31.629128556910576,30.23504162330905,0.9409843482007434,0.5331201140154382,0.5649778368729956,0.5531154060103316,0.7919536723978973,0.23501020508062842,0.2471213985917433,0.2301580649625363,0.6992683659061563,0.24407546414666198,0.20491235769617122,0.23723315767467387,0.13049069285154485,0.08306255903550802,0.08488662810599688,0.08336079798120197,0.0945545993890567,0.07350050101100195,0.07191542341528692,0.07340708438857156,0.08676869797196084,0.07107665515867065,0.07025257294856231,0.07136193650738316,0.6018259668201397,0.31769543355950275,0.3318452408313076,0.319823729136882,0.3947142007378683,0.24842548657153923,0.2294836941753917,0.24526007263688523,0.34116377627663,0.2171727719485831,0.2100108117796994,0.2216290828649729,0.01702782092087622,0.006899388713527256,0.00720573963120582,0.006949022640062767,0.008940572265625004,0.005402323648868297,0.005171828124999999,0.005388600038430867,0.00752880694774936,0.005051890908544582,0.00493542400589307,0.0050925259820837855,floor
0.6750738188976375,1.8833157666315334,1.688791830708661,1.6520553041106085,1.4763750000000004,2.840576971529352,3.0896250000000007,2.609032501889646,1.8492123983739837,3.2928590010405823,3.414316565040651,3.265218522372528,1.123523622047244,7.461714923429846,6.13207431102362,5.724595449190899,4.3185,15.499559082892414,17.476374999999997,13.418934240362814,6.548780487804879,18.559898543184183,19.441374491869926,18.406607700312176,0.9547670867957534,0.6994659364141804,0.753010813395938,0.7694683633089219,0.8263300254534018,0.3761259622967635,0.2953788451875591,0.46019971276999,0.736411851742724,0.25189624648403086,0.2164785413509421,0.2592114982772109,0.16690760263794577,0.10898537272128933,0.11439927216442515,0.11500811598063009,0.11944963308336283,0.0917789449649669,0.0884101105996933,0.09492838938344736,0.10816185043406291,0.08564648399549664,0.08451302063453667,0.08595469061929022,0.7037931213582556,0.43394247184110146,0.4641858296936781,0.4661850118019157,0.48795927638975634,0.3198576866773745,0.29247574391025855,0.3415392050213279,0.42487317519300005,0.26738928718168586,0.2529418970728607,0.26788209674986674,0.027858147818346404,0.011877811467198357,0.01308719347175022,0.01322686674141406,0.014268214843750007,0.008423374738882423,0.00781634765625,0.009011399110935401,0.011698985889320595,0.0073353202207908615,0.0071424506567736214,0.007388208839457898,floor
1.137979822834645,3.3878107756215505,3.235420767716535,3.2940045880091753,2.2476249999999993,4.310405643738979,4.340937500000001,4.295666414714035,2.662474593495936,4.435223725286161,4.546303353658536,4.412005723204995,2.670829232283464,23.264678529357063,21.80517962598425,22.034162068324136,9.142500000000002,34.121189216427325,32.87031250000001,34.22171831695641,12.64049796747968,33.551378772112386,35.289443597560975,33.582531217481794,0.9391457819789699,0.4708134419553329,0.5039177658119667,0.49881716720311464,0.7916451867458009,0.22662628127786671,0.25830057682214375,0.22444027988875512,0.7117082190353294,0.23877545644257497,0.20100660188973754,0.2385895311412904,0.11682755639026898,0.0750744317504879,0.07681956222143302,0.07558111377848428,0.08550111932746847,0.06778380443298367,0.06665807399051522,0.06798691277221175,0.07947799303961896,0.06602327502162161,0.06562307149210378,0.06640451018727796,0.5607818879946737,0.29087862023518296,0.3073890103937007,0.29735009358547887,0.3609401514827065,0.22935875497634425,0.21576504283922196,0.2298559200905903,0.3183936289535889,0.2077285283514235,0.20213629734068964,0.21056177220193842,0.01364867793212148,0.005636170302658667,0.005901245139892619,0.005712504759996186,0.0073104414062500015,0.004594644143408976,0.004443298828125002,0.004622220308296328,0.00631675137760572,0.004359072844580685,0.004306387512057764,0.004409558973212302,floor
0.8997908464566929,2.194556389112778,2.150036909448818,2.3384586769173534,1.8371875,3.16679264298312,3.4436250000000004,3.303287981859411,2.2470782520325208,3.626951092611863,3.5807291666666674,3.6167403746097815,1.721026082677166,9.71293942587885,9.563053641732285,10.81771963543927,6.2469375,18.51108591584783,20.775750000000013,19.846875787351976,9.06389735772358,22.41181061394381,21.919651930894307,22.444393860561917,0.933661555269443,0.6262493117303968,0.632213738063031,0.583735059338438,0.7586806674914773,0.2881786909414035,0.20475091043485688,0.2368459966319315,0.6491461705411318,0.14060788930463994,0.16529145648669646,0.1397641133213416,0.14706352463913797,0.10276096455960847,0.10439598524851575,0.10001093735542306,0.10766321185762574,0.08859037581390561,0.08557295407282609,0.08750690948258233,0.09863506689756114,0.08390601886091505,0.08376595573617912,0.08407091308615113,0.6239193714855527,0.3889520020528041,0.3999732567857318,0.36885490082134115,0.41892243140706065,0.29128883983562714,0.26295330246626275,0.2783510661446021,0.36222896184152353,0.24677075431161744,0.25133465560134843,0.2523766356693411,0.021627680279286337,0.010559815837221109,0.010898521736008316,0.010002187590710355,0.011591367187500005,0.007848254686849031,0.007322730468750002,0.007657459207192858,0.009728876421886362,0.007040220001088231,0.00701673534039552,0.007067918427139178,floor
0.9196604330708661,2.6943393886787774,2.614173228346455,2.7605555211110415,1.8223750000000005,3.7705971277399857,4.201749999999999,3.8992189468379963,2.1747967479674797,4.372073361082205,4.336318597560976,4.489919354838709,1.9712106299212593,23.005828011656025,22.92618110236219,23.974393948787895,6.85525,43.86167800453516,54.933625,46.275888133031,9.80907012195122,55.572255463059335,50.81002286585366,57.041558272632656,0.9621741462455954,0.5605586651876951,0.5618114839599272,0.5420843359049196,0.8687665638659802,0.16698492747516147,-0.039813404708573155,0.1211525928161311,0.812594164728814,-0.04255788080885223,0.04643639604906935,-0.07003139661918027,0.15917476473022468,0.12179329829005658,0.12779109360965427,0.12010608268454469,0.11969918350285436,0.10624411708454964,0.10260494817807278,0.10469554697477663,0.11158704268768183,0.09817677958134897,0.0986677826160821,0.09777878124694125,0.628771598801041,0.4294606646476679,0.4563770729791656,0.42160546596961745,0.43691499673585377,0.34379771406485105,0.3231957523153494,0.3340911819709382,0.3898794640499164,0.29449013637085947,0.3000325824898326,0.2895566909824411,0.025336605726922378,0.0148336075083707,0.01633056360595142,0.014425471097826685,0.01432789453125,0.011287812415075493,0.010527775390625,0.010961157556347662,0.012451668095782525,0.00963868004896478,0.009735331326374433,0.009560690062137191,floor
1.171321358267716,3.088040176080351,2.900221456692914,3.0060140120280248,2.306062500000001,4.087427563618038,4.359624999999999,4.081506676744771,2.7005843495934965,4.6130332986472435,4.564913617886179,4.5130072840790865,2.9066806102362195,21.155124310248624,19.44057578740157,19.885423770847538,10.063562500000009,33.622448979591844,36.20225000000001,33.471655328798185,13.600482723577233,38.517559833506766,37.44347052845527,38.051899063475545,0.9302815664349503,0.4921856131333101,0.5331771418825209,0.5225904834477567,0.7592372438337988,0.1940699794042082,0.12849424968121828,0.1971095348661684,0.6752846226818743,0.07383741592498216,0.09348992187441933,0.08384298465479763,0.12283522730719852,0.08610588515812481,0.08933116053939752,0.08662242768330783,0.09082085517310992,0.07589794710999599,0.0736078874425153,0.07582781494181372,0.084838538166681,0.07168583200315914,0.07195245753034402,0.07240611615424246,0.5579858374828964,0.3288273542207521,0.352399291081207,0.3355591251430462,0.363479704417971,0.2553051105618636,0.23343043835269942,0.2527028702027823,0.32370127696371465,0.21310296815225124,0.21273552480409208,0.22438166421692374,0.01508849306761113,0.007414223458864178,0.007980056243315612,0.0075034449777498955,0.008248427734375006,0.0057604983755117495,0.005418121093750002,0.005749857518849947,0.007197577558259387,0.005138858509985155,0.0051771561446559596,0.0052426456565416515,floor
0.8882874015748036,2.082274164548329,1.9943405511811019,2.2491784983569967,2.0557500000000006,3.7185689090451004,5.01625,3.998740236835476,2.6492632113821135,5.991415192507804,6.9063135162601625,6.36264308012487,1.6670767716535433,8.008122016244032,7.516609251968504,9.294252588505177,7.927875000000003,25.04434366339129,44.982625000000006,28.928193499622076,12.85111788617886,62.170395421436,80.6640625,69.25845473465138,0.9839600730766714,0.9230167944010613,0.9277201847700788,0.9106561064317947,0.923807331596224,0.7595577246422476,0.5678736438919516,0.7223109844105576,0.8764938253537096,0.40379270430809144,0.22621186843461874,0.3364131299045527,0.11646713395330016,0.08500583295243709,0.08740642085241596,0.08158516666975105,0.0823482980243065,0.06708488729041628,0.05949571610103536,0.0648399225774962,0.07463390305234162,0.05515504498202713,0.05218642586191738,0.053795342074841455,0.628502524925701,0.39797331136649305,0.41530937274302715,0.37885298121381505,0.39661363524949184,0.2679056012029218,0.213754571448129,0.2547357119296973,0.33161277765743474,0.17919770228185164,0.1642857560431031,0.1713029554473293,0.013564593291295963,0.00722599163593764,0.0076398824062296556,0.006656139420531057,0.006781242187500003,0.004500382102767856,0.0035397402343749977,0.004204215559855701,0.005570219484826327,0.0030420789869694356,0.0027234230442413987,0.0028939388289492074,table
0.9562007874015748,2.272614545229091,2.1057455708661417,2.321718643437287,2.1252500000000003,3.928382464096751,4.971624999999999,4.020408163265307,2.6813389227642275,5.83565296566077,6.382494918699185,5.999414672216441,1.9080954724409445,9.308760617521239,8.14462352362205,9.59532519065038,8.493625000000002,27.50699168556312,43.869499999999995,28.60833963214916,13.144372459349594,59.72691207075963,69.6628556910569,61.998374089490106,0.9770765978309692,0.8876955777099734,0.9017020434712643,0.8842407674531774,0.8979508273272169,0.667473029654577,0.47019091741586344,0.6542251683405496,0.84199600012039,0.28068312744691215,0.16381936942737158,0.25363392170831944,0.12201065162163388,0.08900653887565882,0.09330694993944832,0.08748533862715104,0.08597370828122398,0.0709446478236377,0.06499918869685989,0.07003572276139952,0.07791301735790979,0.06057841457811948,0.05795720394551121,0.059419446260015,0.6088528806238526,0.3744307987076164,0.3990957455790847,0.3646508283961034,0.38834659746015154,0.25583439690220167,0.21617301111320325,0.25023948270512997,0.3251631112192694,0.19045400849908947,0.17211451072613784,0.18072044729177458,0.01488659910913571,0.007922163962624164,0.008706186907002715,0.007653684474707284,0.007391478515625003,0.0050331430548199805,0.004224894531249998,0.004905002462711615,0.006070438273813951,0.0036697443127985184,0.00335903748918158,0.0035306705938468108,table
1.1427165354330713,3.2951205902411806,3.1584030511811023,3.3141546283092556,2.4011875000000007,4.809082892416224,5.285312500000002,4.843222474174852,2.8495299796747964,5.436524453694069,5.493457825203253,5.471709157127992,2.7394192913385833,22.76229152458304,21.45958415354331,22.96695393390786,11.221562500000003,46.49716553287981,53.56993750000001,46.83868732678255,15.783346036585368,55.77419354838709,58.588732215447166,56.24356139438085,0.9685535630225857,0.7374534354904423,0.7523602704377972,0.7350954347432597,0.8712196875512758,0.46066193900406033,0.37770280979325616,0.45659947192640066,0.8186230018364953,0.3512708731806586,0.30140314859009026,0.3439954659124171,0.12780640224798603,0.08943012308476193,0.09153006888928969,0.08891828360811409,0.09425051806886794,0.07758204426086565,0.07501132726961976,0.0770098822660584,0.08863196270789257,0.07402873219207094,0.07370279969716563,0.0740086888829744,0.5624555559567688,0.31154385677415525,0.32804119853927566,0.309374118572855,0.356769923293284,0.23121928608171521,0.20730561573642584,0.22606516431546528,0.316872154626277,0.1954062975933018,0.20113176843424313,0.19431188101421032,0.016334476455574006,0.007997746914955669,0.008377753510878118,0.00790646115981301,0.008883160156250004,0.006018973591694917,0.005626699218750001,0.005930521966632176,0.00785562481345326,0.005480253189965361,0.005432102683200517,0.005477286030176899,table
0.952509842519685,2.6973153946307895,2.6023006889763787,2.8138136276272556,2.146937500000001,4.8470647518266565,6.407437500000001,4.980473670949863,2.705538617886179,7.6943288241415155,8.41336382113821,7.744601977107179,1.878075787401575,12.436170872341743,11.718319389763776,13.549507099014196,8.700812500000005,38.830939783320744,66.06718750000003,41.32489292013102,13.597942073170731,90.9115504682622,106.43597560975606,92.03024193548386,0.981225078799399,0.8762659107143641,0.8835532213197874,0.8651861537338841,0.91288434070798,0.615194935880812,0.34994214741376956,0.5904420561386511,0.8638414913231816,0.10472074273872348,-0.04857174306420342,0.09375739324025316,0.10691168890708139,0.06865978383773728,0.07046975978240945,0.0670828878510561,0.0746136271694052,0.053399509055523965,0.047742268680384274,0.05250643905588805,0.06740336730023003,0.0449745774444584,0.04447478656097019,0.04484910795985363,0.6081063419991857,0.32539388090460974,0.3396704934971839,0.31541814955918124,0.3832770191052937,0.2083156701781552,0.1669042382531476,0.2050328069726999,0.3256885074021766,0.12943459791224385,0.11726498090934118,0.12681961504718503,0.01143010922496455,0.004714165916644811,0.004965987043790493,0.004500113842437369,0.005567193359375003,0.002851507567370986,0.002279324218750001,0.0027569261423296865,0.004543213923409718,0.0020227126163075864,0.001978006639643855,0.002011442484794607,table
1.1192175196850394,3.978857957715916,3.877891240157481,3.9933659867319737,2.4459375000000017,5.753464348702446,6.634375000000001,5.775195263290504,3.0136559959349603,7.650104058272633,8.303163109756097,7.686719562955251,2.719242125984253,32.13013826027653,31.324372539370096,32.68776737553474,11.859562500000004,63.55517762660622,80.74900000000001,64.17101284958429,17.982533028455293,100.55020811654526,115.84762449186992,102.26437304890737,0.9767367033387403,0.7255207629119866,0.7324142763853153,0.7207667621977586,0.8985753564425915,0.4530313812618588,0.29485238837807326,0.4477013194607648,0.8463773046475783,0.11639718126087364,-0.02939099452432574,0.09990689525057318,0.10986102073828229,0.07190052560810424,0.07382365213937375,0.07179753563684395,0.0788332025743278,0.0610607576210881,0.0566065953809713,0.06099660846368288,0.0729627539518187,0.05273776020753268,0.05144295586086919,0.05277049299687401,0.5740063190602981,0.28105831355459737,0.2952769113493297,0.28534742745792674,0.36000505136193794,0.21044131352919723,0.18086498151988484,0.20948695599335276,0.31147942691418445,0.15065705167202537,0.13979251254422034,0.15169264371827879,0.01206944387765729,0.005169685582721654,0.0054499316151952635,0.005154886123523876,0.006214673828125003,0.003728416121261268,0.0032043066406250015,0.0037205862440718297,0.005323563464233635,0.0027812713517072173,0.0026463777077033353,0.002784724931133129,table
1.121801181102362,3.323702647405295,3.177903543307086,3.314092628185257,2.3661250000000003,5.059208868732677,5.7086875,5.07432602670698,2.8279344512195124,5.939581165452654,5.960746951219512,5.941597294484913,2.6125738188976384,22.97947795895592,21.43368602362204,22.603571207142416,10.735,50.59826152683296,61.5753125,50.50755857898715,15.17308180894309,65.27777055150884,67.14303861788618,65.50481269510928,0.9694007288828879,0.731850888023605,0.7497349876147501,0.7362451716861683,0.874435695684996,0.41195020926908027,0.28406606234356047,0.4130301506480867,0.8229051089244146,0.24529745900924257,0.22526920817923307,0.24281869225071326,0.12311408399300465,0.08476159604493017,0.0869535923997937,0.08411530797370857,0.09007645407166627,0.07181319946384591,0.0692706704258736,0.07143995726929009,0.08432778087541064,0.06808076976374294,0.06751236185097217,0.06807859524186237,0.5667602406606136,0.31102997370594904,0.3262927622706874,0.3088008883351183,0.35852189267946233,0.2223105745084259,0.19583895025499434,0.2171019478386307,0.31468245528819894,0.18253572827435122,0.18935854471637764,0.1835846183147617,0.015157077677436603,0.007184528164083921,0.0075609272312294595,0.00707538503551184,0.008113767578125004,0.005157135617234119,0.00479842578125,0.005103667494637993,0.007111174627371273,0.004634991211623775,0.004557919002696602,0.004634695130105325,table
1.0696358267716533,3.959327918655838,3.79816683070866,3.794035588071175,2.4312500000000004,5.77116402116402,6.329562500000003,5.50151171579743,3.1575838414634148,6.828173777315296,6.878683943089432,6.416233090530697,2.3212352362204727,30.760245520491043,28.7029404527559,28.270320540641073,10.84,61.281997984378904,71.7395625,56.217939027462826,18.146913109756095,82.69719042663891,83.92466971544717,73.99063475546305,0.9759966141137975,0.6786024863964404,0.7004169841667526,0.7046382849903653,0.8879632271759579,0.35956241394771205,0.25156407679421755,0.4125986906201153,0.81272848468335,0.1358450233505471,0.11959397608871707,0.2272206989646801,0.11261840058351026,0.07005539393232504,0.07195759761024947,0.07144016582265718,0.07905244501278882,0.058377501842291936,0.05578833113317695,0.05993209888710778,0.07133201225672824,0.05470367151511048,0.05448516094128049,0.055773480031231545,0.5770539304079594,0.2709167596481718,0.28318714187633354,0.278718269449712,0.3508461021107434,0.192645402647172,0.17284395351289195,0.203519110084543,0.2919367752608536,0.1568646706570461,0.15912969652818565,0.16919077166664517,0.012682904149987986,0.004907758219013245,0.005177895853838581,0.0051036972927687545,0.0062492890625,0.003407932721346798,0.0031123378906250006,0.0035918564770140654,0.005088255972594027,0.0029924916772331093,0.002968632762797237,0.003110681074794184,table
1.060531496062992,3.3442246884493754,3.2380044291338574,3.377022754045509,2.2526875000000004,4.872700932224741,5.6042499999999995,4.981985386747293,2.7340574186991864,6.266324141519253,7.034679878048783,6.43015088449532,2.447096456692913,24.24260648521296,23.368663877952756,24.61318122636244,10.0290625,49.0436507936508,62.87137500000001,50.56009070294785,14.533473069105687,75.76099115504687,91.18851626016261,79.22463579604579,0.9750463319345185,0.7521327775524196,0.7609143151047033,0.7483275364830285,0.8978228572088949,0.4997366583998507,0.3608749476357401,0.4841758879256438,0.8520520505568324,0.23501561692820383,0.0799610477590883,0.1994265032337448,0.11934633796039869,0.08423197749118648,0.08719758011454243,0.0838382792845856,0.08718614470272787,0.07106690418305678,0.06591104327045658,0.06965530604004132,0.08077934940405423,0.0621119776948795,0.058648195491881126,0.061097572003801594,0.5866605009362089,0.3316179576530371,0.34911050649126024,0.3297920533166161,0.3805771045317795,0.2505964611830688,0.22703233995948235,0.24619363569612032,0.3309617490000371,0.20228131930142307,0.179250234798543,0.1989498572756031,0.014243548384557702,0.007095026032075746,0.007603417977832046,0.007028857073400175,0.007601423828125003,0.005050504870163773,0.004344265624999999,0.004851861659531816,0.006525303290142276,0.0038578977731692082,0.0034396108344539053,0.00373291330475972,table
1.0540108267716533,3.6473432946865887,3.4626599409448833,3.4881269762539513,2.3461875,5.365016376921139,5.973062499999998,5.116654069035022,2.991425304878049,6.672671696149844,6.949504573170735,6.223920395421437,2.2794045275590546,26.40845681691363,24.490095964566937,24.336040672081335,10.165937499999995,54.26108591584783,64.98768750000004,50.03905265810028,16.404026930894315,78.07771852237252,84.1392911585366,69.37415452653482,0.975851328929276,0.7200282882426838,0.7408302616339285,0.7421074182285649,0.8918587463802784,0.42318668567566065,0.31398503734268896,0.4686271969297535,0.8249756286139448,0.17353971432636076,0.12035045053985362,0.2674946281654483,0.11629140941333904,0.0746874426047245,0.07721243404008804,0.07626449996605598,0.08232692546336222,0.06287289466417909,0.059982761195405146,0.06449213844174922,0.07499381002906641,0.057617093218032565,0.056443284216424465,0.05910649646349421,0.5813085254916452,0.28564911404240884,0.30674104666233654,0.29806417860320394,0.35792558531847835,0.20631070180126643,0.18265780814472776,0.21810258988508835,0.30172759495673235,0.16135216907208366,0.1576620072862976,0.17362079008763956,0.01352369190334084,0.005578214082834015,0.0059617599703949455,0.005816273955072553,0.00677772265625,0.003953000883452959,0.0035979316406250014,0.004159235920789749,0.005624071542675701,0.003319729430895454,0.0031858443331360714,0.0034935779241890537,table
1.0286048228346454,2.738235476470952,2.5955954724409454,2.8294376588753187,2.2873125000000014,4.751574703955657,6.102875,4.935941043083902,2.9094893292682924,7.108415712799166,7.806084857723579,7.394575962539023,2.1753813976377954,13.505921011842021,12.41117125984252,14.367536735073475,9.9878125,40.07495590828925,65.34337500000001,43.03256487780299,15.60918445121951,87.38534079084285,102.35753302845526,92.63377991675338,0.9781677814082571,0.8643933400408327,0.8754337847598609,0.8557564154960954,0.8998358021990629,0.5968111794658874,0.3389750263435277,0.5670931581142062,0.8433947983081068,0.1156108398135854,-0.03338848837347394,0.06277566835490642,0.10739340643353495,0.07441042977718977,0.07794313522361872,0.07335112540056131,0.0756630715119668,0.059254885812909636,0.053949140545749195,0.05821724608790263,0.06799177571512646,0.05024794818953301,0.048826614528987,0.04953807534449577,0.5881280466586287,0.33042877505722995,0.34979216761097565,0.3205605381394954,0.37233572867172243,0.22452926218901506,0.18732769178102904,0.21667233047291015,0.3079858508826109,0.1635788048462605,0.14062530254245056,0.15122691026852697,0.011533343745398428,0.005536912059626089,0.006075132328487313,0.0053803875975288705,0.005724900390625003,0.003511141492700959,0.002910509765625,0.003389247742059414,0.004622881564896061,0.0025248562972579936,0.0023840382863622844,0.00245402090883694,table
0.636318897637795,0.707049414098828,0.46456692913385816,0.7724595449190896,1.0858750000000001,0.9482867220962462,0.902875,1.0425799949609478,0.9932672764227639,0.9608480749219561,0.966209349593496,0.970668574401665,0.918307086614173,1.060574121148242,0.6018700787401573,1.239568479136958,2.1824999999999997,1.6892794154698918,1.5848750000000003,1.9978584026203077,1.8038617886178858,1.7140998959417273,1.740599593495935,1.7257414151925081,0.5944118663756754,0.5318134338023346,0.7357847261728166,0.4527909196800724,0.028499558046588026,0.2506432028347438,0.30193689834257537,0.1138477854173887,0.19344518068029246,0.23342462755867918,0.23431439093468975,0.22800111636124032,0.32490353990948484,0.31347346693789696,0.3610986696857992,0.30514257190301103,0.2833807309466807,0.2882099496105765,0.29103651980357204,0.2832242135035848,0.2855996013329142,0.28767115875975385,0.28577128735287477,0.28675928809442,0.7096896488759039,0.6814093049000576,0.7812795052909106,0.6594257161365,0.5610829546288371,0.5980127147494094,0.6147255616362969,0.570087779471533,0.5820299830925726,0.5925925532606685,0.5923860308410164,0.5881452922062429,0.1055623102457142,0.09826561447406477,0.1303922492488539,0.09311198918758425,0.08030463867187503,0.08306497505453103,0.08470225585937499,0.08021595511472418,0.08156713228151952,0.0827546955821795,0.08166522867531933,0.08223088930841856,wall
1.1269685039370076,1.2132184264368526,0.7177042322834647,1.2431644863289726,1.5718749999999997,1.4765684051398336,1.3541249999999996,1.4998110355253214,1.4012322154471544,1.39815296566077,1.4016768292682926,1.4168184183142558,2.5647145669291342,2.8247256494512984,1.1698449803149609,2.920887841775683,4.215999999999999,3.8551272360796167,3.3072500000000002,3.883282942806753,3.4740218495934965,3.4410770031217486,3.4272103658536595,3.5107310093652444,0.278297157654371,0.20451268644542092,0.6716965100958743,0.17739065698462925,-0.18454042950245217,-0.08378793845909628,0.07064055585094434,-0.09167970892555663,0.022437981254392572,0.03235279774618833,0.036292665132468184,0.01252104419208882,0.24163033063956219,0.23608322678440521,0.27840060439931946,0.23417558457832083,0.23416700353994155,0.22963808387535609,0.23131518084774508,0.22955688385461226,0.2298613088144149,0.2287540317802376,0.23005066845016073,0.22843684150704188,0.5623194461396794,0.5355359521385937,0.6842800129745042,0.5263855877438229,0.44439545289913335,0.46935222829168327,0.4969573241871162,0.45944437459449267,0.48358141740780575,0.48284717225916257,0.4808086078867358,0.4780625541852445,0.05838521668498415,0.05573528996893691,0.07750689652990636,0.0548382044125983,0.054834185546875,0.05273364956594508,0.05350671289062501,0.05269636292503994,0.05283622128987582,0.05232840705571395,0.05292331005436578,0.05218339055771338,wall
1.3104699803149602,1.3958707917415836,0.7260088582677162,1.4140988281976559,1.9799375000000001,1.834467120181406,1.5135,1.8250818846056942,1.7889354674796751,1.778876170655567,1.7081427845528454,1.7700312174817898,3.33224655511811,3.618699237398475,1.1699064960629917,3.741459482918965,6.7883125,5.87389770723104,4.064375000000001,5.814499874023684,5.506669207317072,5.49063475546306,4.996887703252033,5.441857440166492,0.5328381356595887,0.4921796684684915,0.8365670476949659,0.47495578202410665,0.042399780992140354,0.16937075023458575,0.4287015266412103,0.17773349705218006,0.22212682272011633,0.21705862215431398,0.29260698441391725,0.22365311480136563,0.17889154477767755,0.1743711850482157,0.22447056839774454,0.17362818413168038,0.1590390270008434,0.16075655924313914,0.16851550257876874,0.16128786095986952,0.1611122585775891,0.16253535726678445,0.16293554367254703,0.16276248116514552,0.5170029988200613,0.49207796768148016,0.6793173691403483,0.49071373069780094,0.3898436822918464,0.4082603684671924,0.4647181874189942,0.41029218563588615,0.4132786374342164,0.41680120399377224,0.424991685825875,0.418483975247829,0.03200218479294381,0.030405310175119077,0.05038703607680651,0.030146746324864703,0.025293412109375,0.025842671339692903,0.02839747460937501,0.026013774093010207,0.02595715986397193,0.02641774236184126,0.02654799139186848,0.02649162527503435,wall
1.304564468503937,1.3894227788455573,0.8162524606299212,1.428110856221712,1.7650625000000004,1.6737843285462335,1.5417499999999997,1.708427815570673,1.6187754065040652,1.6329994797086367,1.5891768292682926,1.6315036420395421,3.3710014763779528,3.6505673011346023,1.4512180118110236,3.8142476284952562,5.5058125,5.00170068027211,4.3763749999999995,5.134857646762408,4.722306910569107,4.682297086368366,4.529217479674799,4.676768990634755,0.2784959414536632,0.21934677851268528,0.6887044708261537,0.18429424165311073,-0.17326034208423308,-0.06601923421278379,0.06383003258143091,-0.09463405955929323,-0.0031667087275651755,0.00781582813730189,0.03236671710989126,0.007993755710938,0.2252040159703772,0.22025011960556728,0.2615523193590579,0.2178459608559699,0.21768924507626697,0.212933013071007,0.2160314782835478,0.21245556558852835,0.21307070285423657,0.21012331919107077,0.21414270445445774,0.20928689262670444,0.5231895658809792,0.49873615889688583,0.651350805029519,0.488748240256255,0.4249233293581451,0.43861554764141725,0.46636723498639804,0.4312001043791806,0.4491791420951247,0.44124086710468996,0.45283159168925563,0.44168631555217597,0.05071684880918591,0.048510115186266696,0.06840961576210264,0.04745686266126077,0.04738860742187502,0.04534046805549764,0.04666959960937499,0.04513736734954148,0.04539912441479838,0.04415180926787261,0.04585709787106924,0.04380100342534171,wall
0.9072957677165355,1.0461280922561844,0.5565329724409451,0.9469898939797877,1.5717500000000002,1.4357520786092217,1.176375,1.3314436885865462,1.4597306910569108,1.411095213319459,1.3485137195121952,1.450312174817898,1.6308439960629921,2.076198152396305,0.759288877952756,1.708723417446834,4.376875000000002,3.6293776769967256,2.5443750000000005,3.153565129755606,3.702235772357724,3.466246097814776,3.213478150406504,3.6684443288241417,0.6251015064899927,0.521598422398819,0.8251724137842402,0.6064759448240858,-0.012125505275304028,0.1582706000751434,0.4120150998811997,0.26995066102036797,0.14325681615029554,0.19016115598838,0.2547097951666876,0.1456525255177969,0.2431151938535638,0.23055817977266477,0.28950200217097316,0.23770048674300093,0.2084302285088466,0.21022178200944422,0.2220405500339409,0.2137508555412887,0.20946245571028893,0.21176121640919524,0.21310776798693953,0.2094587454330825,0.6156709140543525,0.5738499528637255,0.741633600228074,0.5998661761784816,0.4568551607901248,0.47803453666777124,0.5388590164485754,0.5008227271812705,0.47150669066560785,0.4804700654585343,0.49549863611715683,0.47366324424317513,0.059104997482455915,0.05315707426008441,0.08381140926100215,0.056501521397859564,0.04344316015625001,0.04419319763122629,0.04930200585937502,0.04568942824463287,0.04387452035218475,0.04484281277510202,0.04541492077637525,0.04387296603840086,wall
0.9976624015748031,1.1303862607725215,0.6788877952755907,1.0995721991443987,1.5108124999999997,1.4104308390022677,1.2959999999999998,1.3805744520030239,1.3550558943089432,1.3485301768990638,1.3619156504065044,1.3571800208116545,2.0265748031496065,2.450492900985802,1.0652066929133859,2.301382602765206,4.002937499999999,3.507054673721341,3.012875,3.33560090702948,3.188643292682927,3.1400234131113427,3.193724593495935,3.1789802289282005,0.552599120888275,0.4593492535032617,0.7660104660240752,0.4922822362750143,0.11045669285177424,0.22295973471259628,0.336409412142397,0.2609753212977203,0.283292038414996,0.2941293645989194,0.29299676022322435,0.2856374745128846,0.21928209290630685,0.20911680461210422,0.25245189855116207,0.21033009553751314,0.19341172586770686,0.19514602620020505,0.19896520385170366,0.19583023964025334,0.1975191532486315,0.1974828736711161,0.19566089869519018,0.19708114074571437,0.5950204845890905,0.5552890241819999,0.6977504347704672,0.5606364154728632,0.46389989196220105,0.48286668912921943,0.5082547148978246,0.4871136476383454,0.490322358422637,0.49082037291847025,0.48778266483119814,0.48886917276257197,0.04808463626937019,0.04372983797117697,0.06373196108208622,0.044238749088819404,0.037408095703124984,0.03808197154173112,0.039587152343749994,0.038349482757559054,0.039013815900056384,0.038999485393402006,0.03828318727820947,0.03884097603763208,wall
1.2486466535433072,1.3254386508773017,0.7228100393700789,1.3600347200694403,1.9006250000000005,1.7344419249181156,1.4834375000000002,1.7571176618795668,1.7102388211382111,1.6713059313215406,1.641387195121951,1.6633064516129032,2.968134842519685,3.233926467852936,1.1647391732283465,3.3997147994295998,6.269000000000001,5.262912572436383,3.9243125000000005,5.4538926681783835,5.05513211382114,4.808142559833508,4.6883892276422765,4.761641519250781,0.6035094497017273,0.5662451651150368,0.8444439756402253,0.5440357326089884,0.15688269223174064,0.2884478218311856,0.4716756826581932,0.2623678560250225,0.31493556371846254,0.3409599900576387,0.3652233078772936,0.3449818053250713,0.18325378720702454,0.17889016015038278,0.22778727880828148,0.17686206166001317,0.1603549468659293,0.1643042153211323,0.17135969912547994,0.16393839861469495,0.16435661689630462,0.16545472420807747,0.16606837293431403,0.16561390689850594,0.5273704039163664,0.5059890078732607,0.6808681600085318,0.49935277896499064,0.40202381952722127,0.4258625350939659,0.47177400100703953,0.42597935616469634,0.42869412130496326,0.43210303996953175,0.43953044455629126,0.43381940497097643,0.033581950525717434,0.0320016893986296,0.05188704438688176,0.031280188854630304,0.025713708984375007,0.026995875172293002,0.029364146484375006,0.02687579854035061,0.02701309751759865,0.027375265762770974,0.02757870448905041,0.02742796615818699,wall
1.0410925196850394,1.183706367412735,0.6718750000000001,1.132184264368529,1.5791250000000001,1.4993701184177375,1.3118750000000003,1.4686948853615522,1.4070757113821144,1.3956165452653486,1.383320630081301,1.3904136316337152,2.180856299212599,2.663277326554653,1.0633612204724412,2.416950833901668,4.412,3.943940539178634,3.1501250000000005,3.7585663895187706,3.466399898373985,3.3914542143600412,3.4214303861788617,3.4166883454734656,0.6288490778732865,0.54582727717107,0.8192783221919373,0.5878138941240009,0.23452778910980346,0.3205616810438458,0.4629345766415999,0.35273048649251426,0.38961381889050345,0.40079990187766557,0.4131694323741464,0.3971701698966551,0.20908128148256197,0.19796784738668458,0.24639601679690545,0.20034439499358567,0.18134633215893836,0.1823998563501604,0.1895927378619762,0.18276325899699242,0.18741457139399081,0.18761477682346486,0.18600373223066863,0.18785871632759255,0.5846076041522641,0.5423476113040034,0.7011603000036593,0.553653415728013,0.4535919521391701,0.46511608338517224,0.5082142749324097,0.4708211166156785,0.48249620299862306,0.4828500626409962,0.49121384816965113,0.48755460962831043,0.04371498226639031,0.03919126859891764,0.06071099709338091,0.040137876605345874,0.032886492187500005,0.033269707596559145,0.03594540625000002,0.03340240883920173,0.03512422157079328,0.03519930448251853,0.03459738840373827,0.03529089730025089,wall
0.9425442913385825,1.0574741149482298,0.6277682086614175,1.045942091884184,1.4783749999999998,1.3585285966238352,1.2250625000000004,1.3560720584530113,1.3186610772357725,1.311199271592092,1.2933816056910572,1.2919484911550467,1.817544291338582,2.1551243102486204,0.9490034448818901,2.0923801847603705,3.880125,3.2903754094230298,2.7736875000000003,3.2740614764424296,3.048971036585367,3.016324141519252,2.987868394308943,2.999544745057232,0.7022501125092769,0.6465918312948065,0.8455264384637092,0.6569507799972657,0.3554796995103963,0.4570331086668299,0.5490831405294814,0.4601248826053646,0.485562834598425,0.4939982519830053,0.512764125946189,0.4970339008290673,0.22032501732790788,0.20929683537140728,0.2571064800248438,0.20999406303476695,0.18554825854747328,0.18943938076651748,0.19522473528122664,0.19068471419498537,0.19291163932078856,0.19208647967279485,0.19039765772190234,0.19438715880119958,0.6109931095741943,0.5733587685665664,0.7167607176276555,0.575600610259555,0.4718857903220957,0.49498823707131434,0.5290099501613689,0.4963913531840702,0.5003132871759576,0.5017948030229202,0.5087942984156264,0.510689780076525,0.048543113260542906,0.04380516529648596,0.06610374207076543,0.04409750650984967,0.034428156249999994,0.03588727898520159,0.038112697265625016,0.03636066022762325,0.037214900585434016,0.036897215673087035,0.03625126806598668,0.03778636750680278,wall
0.9037893700787402,1.0326740653481308,0.6234005905511812,1.0033480066960134,1.4265625000000004,1.320987654320988,1.1950625000000001,1.2940917107583776,1.2903328252032522,1.2516909469302808,1.2647357723577235,1.261186264308013,1.703248031496063,2.091884183768367,0.937007874015748,1.9453778907557817,3.6549374999999995,3.1390778533635677,2.6474375000000006,2.994771982867222,2.927273882113821,2.803850156087409,2.855818089430894,2.8296045785639956,0.6871631789342523,0.6155608818528809,0.8295837985696091,0.6425194460391903,0.319104966438721,0.41941402318992066,0.5182817128941587,0.4462469104343915,0.44743953568085987,0.4723809287908822,0.4794271958185361,0.46795074926560426,0.2192971535798523,0.20717755893434017,0.25171872020681724,0.20870942251924793,0.18598472614538808,0.189072132765437,0.1948333572809723,0.1899858284347274,0.1913748502421098,0.19276541023581678,0.18997157559591601,0.19213339296685686,0.623119816939004,0.5817009059503641,0.7182627724056047,0.5874083029919464,0.4833209216355359,0.5039719365031929,0.5353663738259451,0.5090432450796597,0.506133054424168,0.5176993583815522,0.5140690246890526,0.5149593457550857,0.04809124156822533,0.042922540925992,0.06336231410255794,0.04355962304831795,0.034590318359375004,0.03574827138847103,0.037960037109375004,0.03609461500602967,0.036624333305189945,0.03715850338338274,0.036089199534394836,0.036915240692956645,wall
